{"gecko":{"last":"C:\\ext\\node-v10.15.3-win-x64\\node_modules\\webdriver-manager\\selenium\\geckodriver-v0.24.0.exe","all":["C:\\ext\\node-v10.15.3-win-x64\\node_modules\\webdriver-manager\\selenium\\geckodriver-v0.24.0.exe"]},"chrome":{"last":"C:\\ext\\node-v10.15.3-win-x64\\node_modules\\webdriver-manager\\selenium\\chromedriver_74.0.3729.6.exe","all":["C:\\ext\\node-v10.15.3-win-x64\\node_modules\\webdriver-manager\\selenium\\chromedriver_74.0.3729.6.exe"]},"standalone":{"last":"C:\\ext\\node-v10.15.3-win-x64\\node_modules\\webdriver-manager\\selenium\\selenium-server-standalone-3.141.59.jar","all":["C:\\ext\\node-v10.15.3-win-x64\\node_modules\\webdriver-manager\\selenium\\selenium-server-standalone-3.141.59.jar"]}}